{"cameraMode":{"drawMode":0,"name":"Shaded","section":"Shading Mode"},"sceneLighting":true,"audioPlay":false,"sceneViewState":{"showFog":true,"showMaterialUpdate":false,"showSkybox":true,"showFlares":true,"showImageEffects":true,"showParticleSystems":true},"in2DMode":false,"pivot":{"x":-0.1302737593650818,"y":0.05724930763244629,"z":0.1948053240776062},"rotation":{"x":-0.3451099395751953,"y":-0.22300727665424348,"z":0.08478663116693497,"w":-0.9077408909797669},"size":1.1037330627441407,"orthographic":false}