{"cameraMode":{"drawMode":0,"name":"Shaded","section":"Shading Mode"},"sceneLighting":true,"audioPlay":false,"sceneViewState":{"showFog":true,"showMaterialUpdate":false,"showSkybox":true,"showFlares":true,"showImageEffects":true,"showParticleSystems":true},"in2DMode":false,"pivot":{"x":-0.07326149940490723,"y":0.18999284505844117,"z":0.22112661600112916},"rotation":{"x":-0.2524383068084717,"y":-0.49799638986587527,"z":0.15421874821186067,"w":-0.8151726126670837},"size":0.5037330389022827,"orthographic":false}